img_url,name,price,shop
https://s.ek.ua/jpg/1056360.jpg,Beko FSM 62330 DWT,15999,Kvshop.com.ua
https://s.ek.ua/jpg/1056360.jpg,Beko FSM 62330 DWT,15999,АЛЛО
https://s.ek.ua/jpg/1056360.jpg,Beko FSM 62330 DWT,15783,Avic.ua
https://s.ek.ua/jpg/1056360.jpg,Beko FSM 62330 DWT,14627,Pro100market.com.ua
https://s.ek.ua/jpg/1056360.jpg,Beko FSM 62330 DWT,14981,Palladium.ua
https://s.ek.ua/jpg/1056360.jpg,Beko FSM 62330 DWT,14765,Foroom.com.ua
https://s.ek.ua/jpg/1056360.jpg,Beko FSM 62330 DWT,14861,Цифра
https://s.ek.ua/jpg/1704668.jpg,Indesit IS 5G0KMX,11866,Stylus.ua
https://s.ek.ua/jpg/1704668.jpg,Indesit IS 5G0KMX,11823,Цифра
https://s.ek.ua/jpg/1704668.jpg,Indesit IS 5G0KMX,14610,Denika.ua
https://s.ek.ua/jpg/1704668.jpg,Indesit IS 5G0KMX,12110,Click24.in.ua
https://s.ek.ua/jpg/1704668.jpg,Indesit IS 5G0KMX,13068,click24.biz
https://s.ek.ua/jpg/1704668.jpg,Indesit IS 5G0KMX,16175,Ok24.in.ua
https://s.ek.ua/jpg/1704668.jpg,Indesit IS 5G0KMX,13948,Ebox24.biz
https://s.ek.ua/jpg/2397172.jpg,Gorenje GG 6A10 WJ,14499,Gorenje-partner
https://s.ek.ua/jpg/2397172.jpg,Gorenje GG 6A10 WJ,14499,590.ua
https://s.ek.ua/jpg/2397172.jpg,Gorenje GG 6A10 WJ,14499,АЛЛО
https://s.ek.ua/jpg/2397172.jpg,Gorenje GG 6A10 WJ,14499,Moyo.ua
https://s.ek.ua/jpg/2397172.jpg,Gorenje GG 6A10 WJ,13438,Pro100market.com.ua
https://s.ek.ua/jpg/2397172.jpg,Gorenje GG 6A10 WJ,14499,Sokol.ua
https://s.ek.ua/jpg/2397172.jpg,Gorenje GG 6A10 WJ,13371,Vodogreyka.com.ua
https://s.ek.ua/jpg/2228711.jpg,Esperanza Vesuvius,1449,Kvshop.com.ua
https://s.ek.ua/jpg/2228711.jpg,Esperanza Vesuvius,1122,Pro100market.com.ua
https://s.ek.ua/jpg/2228711.jpg,Esperanza Vesuvius,979,Foroom.com.ua
https://s.ek.ua/jpg/2228711.jpg,Esperanza Vesuvius,1194,Stylus.ua
https://s.ek.ua/jpg/2228711.jpg,Esperanza Vesuvius,1116,Vodogreyka.com.ua
https://s.ek.ua/jpg/2228711.jpg,Esperanza Vesuvius,1174,Цифра
https://s.ek.ua/jpg/2228711.jpg,Esperanza Vesuvius,1449,FOXTROT.UA
https://s.ek.ua/jpg/2388253.jpg,Grunhelm GI-909,798,Stylus.ua
https://s.ek.ua/jpg/2388253.jpg,Grunhelm GI-909,784,Цифра
https://s.ek.ua/jpg/2388253.jpg,Grunhelm GI-909,739,FOXTROT.UA
https://s.ek.ua/jpg/2388253.jpg,Grunhelm GI-909,825,Tviy-Dim.com
https://s.ek.ua/jpg/2388253.jpg,Grunhelm GI-909,739,COMFY.ua
https://s.ek.ua/jpg/2388253.jpg,Grunhelm GI-909,723,Setevuha.ua
https://s.ek.ua/jpg/1961373.jpg,Zanussi ZCG9610J1X,13599,590.ua
https://s.ek.ua/jpg/1961373.jpg,Zanussi ZCG9610J1X,13599,АЛЛО
https://s.ek.ua/jpg/1961373.jpg,Zanussi ZCG9610J1X,13599,Moyo.ua
https://s.ek.ua/jpg/1961373.jpg,Zanussi ZCG9610J1X,12386,Pro100market.com.ua
https://s.ek.ua/jpg/1961373.jpg,Zanussi ZCG9610J1X,12622,Foroom.com.ua
https://s.ek.ua/jpg/1961373.jpg,Zanussi ZCG9610J1X,13599,Sokol.ua
https://s.ek.ua/jpg/1961373.jpg,Zanussi ZCG9610J1X,12324,Vodogreyka.com.ua
https://s.ek.ua/jpg/2336158.jpg,Heinner HFSC-V50WH,8458,Foroom.com.ua
https://s.ek.ua/jpg/2336158.jpg,Heinner HFSC-V50WH,8392,Stylus.ua
https://s.ek.ua/jpg/2336158.jpg,Heinner HFSC-V50WH,8338,Цифра
https://s.ek.ua/jpg/2336158.jpg,Heinner HFSC-V50WH,10539,FOXTROT.UA
https://s.ek.ua/jpg/2336158.jpg,Heinner HFSC-V50WH,7693,Denika.ua
https://s.ek.ua/jpg/2336158.jpg,Heinner HFSC-V50WH,8029,Enko.com.ua
https://s.ek.ua/jpg/2336158.jpg,Heinner HFSC-V50WH,9274,Zhuk.ua
https://s.ek.ua/jpg/2286300.jpg,Gorenje GKS 5C70 XF,17276,Foroom.com.ua
https://s.ek.ua/jpg/2286300.jpg,Gorenje GKS 5C70 XF,17216,Stylus.ua
https://s.ek.ua/jpg/2286300.jpg,Gorenje GKS 5C70 XF,17121,Цифра
https://s.ek.ua/jpg/2286300.jpg,Gorenje GKS 5C70 XF,16799,575.in.ua
https://s.ek.ua/jpg/2286300.jpg,Gorenje GKS 5C70 XF,17451,Denika.ua
https://s.ek.ua/jpg/2286300.jpg,Gorenje GKS 5C70 XF,17399,BT-Shop.com.ua
https://s.ek.ua/jpg/2286300.jpg,Gorenje GKS 5C70 XF,17284,Gorenje Украина
https://s.ek.ua/jpg/1591464.jpg,Hansa FCMW58023,10175,Pro100market.com.ua
https://s.ek.ua/jpg/1591464.jpg,Hansa FCMW58023,10271,Foroom.com.ua
https://s.ek.ua/jpg/1591464.jpg,Hansa FCMW58023,9890,Stylus.ua
https://s.ek.ua/jpg/1591464.jpg,Hansa FCMW58023,9827,Цифра
https://s.ek.ua/jpg/1591464.jpg,Hansa FCMW58023,10124,Vodogreyka.com.ua
https://s.ek.ua/jpg/1591464.jpg,Hansa FCMW58023,9499,575.in.ua
https://s.ek.ua/jpg/1591464.jpg,Hansa FCMW58023,10549,FOXTROT.UA
https://s.ek.ua/jpg/1212520.jpg,Gorenje ICE 2000 SP,2399,Kvshop.com.ua
https://s.ek.ua/jpg/1212520.jpg,Gorenje ICE 2000 SP,2399,Gorenje-partner
https://s.ek.ua/jpg/1212520.jpg,Gorenje ICE 2000 SP,2375,Венкон
https://s.ek.ua/jpg/1212520.jpg,Gorenje ICE 2000 SP,2399,590.ua
https://s.ek.ua/jpg/1212520.jpg,Gorenje ICE 2000 SP,2399,АЛЛО
https://s.ek.ua/jpg/1212520.jpg,Gorenje ICE 2000 SP,2343,Avic.ua
https://s.ek.ua/jpg/1212520.jpg,Gorenje ICE 2000 SP,2399,Moyo.ua
https://s.ek.ua/jpg/2397149.jpg,Gorenje GGI 5C20 XF,17999,575.in.ua
https://s.ek.ua/jpg/2397149.jpg,Gorenje GGI 5C20 XF,17290,Tehno-mart.com.ua
https://s.ek.ua/jpg/2397149.jpg,Gorenje GGI 5C20 XF,18023,BT-Shop.com.ua
https://s.ek.ua/jpg/1056337.jpg,Beko FSE 62120 DW,11603,Avic.ua
https://s.ek.ua/jpg/1056337.jpg,Beko FSE 62120 DW,11634,Foroom.com.ua
https://s.ek.ua/jpg/2170650.jpg,DAHATI 2000-01SL,7144,Eldom.com.ua
https://s.ek.ua/jpg/1056337.jpg,Beko FSE 62120 DW,10804,Stylus.ua
https://s.ek.ua/jpg/1056337.jpg,Beko FSE 62120 DW,10764,Цифра
https://s.ek.ua/jpg/1056337.jpg,Beko FSE 62120 DW,11603,Denika.ua
https://s.ek.ua/jpg/1056337.jpg,Beko FSE 62120 DW,10799,Oleole.com.ua
https://s.ek.ua/jpg/1056337.jpg,Beko FSE 62120 DW,11543,Click24.in.ua
https://s.ek.ua/jpg/2388250.jpg,Grunhelm GI-905,901,Stylus.ua
https://s.ek.ua/jpg/2388250.jpg,Grunhelm GI-905,886,Цифра
https://s.ek.ua/jpg/2388250.jpg,Grunhelm GI-905,839,FOXTROT.UA
https://s.ek.ua/jpg/2388250.jpg,Grunhelm GI-905,853,Tviy-Dim.com
https://s.ek.ua/jpg/2388250.jpg,Grunhelm GI-905,839,COMFY.ua
https://s.ek.ua/jpg/2170650.jpg,DAHATI 2000-01SL,6837,Toptehnik.com.ua
https://s.ek.ua/jpg/2170650.jpg,DAHATI 2000-01SL,6902,Technoopt.zp.ua
https://s.ek.ua/jpg/522666.jpg,Termia EPC1-1.5/230M2,1119,Kvshop.com.ua
https://s.ek.ua/jpg/522666.jpg,Termia EPC1-1.5/230M2,1119,АЛЛО
https://s.ek.ua/jpg/522666.jpg,Termia EPC1-1.5/230M2,1398,Pro100market.com.ua
https://s.ek.ua/jpg/522666.jpg,Termia EPC1-1.5/230M2,1734,Foroom.com.ua
https://s.ek.ua/jpg/522666.jpg,Termia EPC1-1.5/230M2,1391,Vodogreyka.com.ua
https://s.ek.ua/jpg/522666.jpg,Termia EPC1-1.5/230M2,1123,Stylus.ua
https://s.ek.ua/jpg/2388250.jpg,Grunhelm GI-905,814,Setevuha.ua
https://s.ek.ua/jpg/2346394.jpg,Gorenje GG 5A13 WJ,12799,АЛЛО
https://s.ek.ua/jpg/2346394.jpg,Gorenje GG 5A13 WJ,9385,Avic.ua
https://s.ek.ua/jpg/2346394.jpg,Gorenje GG 5A13 WJ,12799,Moyo.ua
https://s.ek.ua/jpg/2346394.jpg,Gorenje GG 5A13 WJ,10990,Pro100market.com.ua
https://s.ek.ua/jpg/2346394.jpg,Gorenje GG 5A13 WJ,9782,Foroom.com.ua
https://s.ek.ua/jpg/2346394.jpg,Gorenje GG 5A13 WJ,12799,Sokol.ua
https://s.ek.ua/jpg/2346394.jpg,Gorenje GG 5A13 WJ,10053,Stylus.ua
https://s.ek.ua/jpg/2264731.jpg,Gorenje GG 5A12 WF,13249,Pro100market.com.ua
https://s.ek.ua/jpg/2264731.jpg,Gorenje GG 5A12 WF,13183,Vodogreyka.com.ua
https://s.ek.ua/jpg/522666.jpg,Termia EPC1-1.5/230M2,1104,Цифра
https://s.ek.ua/jpg/2228754.jpg,Liberton LIC 2054,1540,Pro100market.com.ua
https://s.ek.ua/jpg/2228754.jpg,Liberton LIC 2054,1532,Vodogreyka.com.ua
https://s.ek.ua/jpg/2228754.jpg,Liberton LIC 2054,1617,Stylus.ua
https://s.ek.ua/jpg/2228754.jpg,Liberton LIC 2054,1589,Цифра
https://s.ek.ua/jpg/2228754.jpg,Liberton LIC 2054,1799,FOXTROT.UA
https://s.ek.ua/jpg/2228754.jpg,Liberton LIC 2054,1642,Denika.ua
https://s.ek.ua/jpg/2228754.jpg,Liberton LIC 2054,1799,Zhuk.ua
https://s.ek.ua/jpg/2264731.jpg,Gorenje GG 5A12 WF,13031,Цифра
https://s.ek.ua/jpg/2264731.jpg,Gorenje GG 5A12 WF,13079,Stylus.ua
https://s.ek.ua/jpg/2264731.jpg,Gorenje GG 5A12 WF,13999,FOXTROT.UA
https://s.ek.ua/jpg/2264731.jpg,Gorenje GG 5A12 WF,12589,575.in.ua
https://s.ek.ua/jpg/2264731.jpg,Gorenje GG 5A12 WF,14677,Tviy-Dim.com
https://s.ek.ua/jpg/1688390.jpg,Grunhelm GGP-6002,1199,Kvshop.com.ua
https://s.ek.ua/jpg/1688390.jpg,Grunhelm GGP-6002,1199,Венкон
https://s.ek.ua/jpg/1688390.jpg,Grunhelm GGP-6002,529,АЛЛО
https://s.ek.ua/jpg/1688390.jpg,Grunhelm GGP-6002,1199,TTT.ua
https://s.ek.ua/jpg/1688390.jpg,Grunhelm GGP-6002,1020,Palladium.ua
https://s.ek.ua/jpg/1688390.jpg,Grunhelm GGP-6002,606,FOXTROT.UA
https://s.ek.ua/jpg/1731169.jpg,Bosch HXN 390D20L,18999,Foroom.com.ua
https://s.ek.ua/jpg/1731169.jpg,Bosch HXN 390D20L,19709,Stylus.ua
https://s.ek.ua/jpg/1731169.jpg,Bosch HXN 390D20L,19582,Цифра
https://s.ek.ua/jpg/1731169.jpg,Bosch HXN 390D20L,20007,Denika.ua
https://s.ek.ua/jpg/1731169.jpg,Bosch HXN 390D20L,17999,Oleole.com.ua
https://s.ek.ua/jpg/1731169.jpg,Bosch HXN 390D20L,19010,Bosch Украина
https://s.ek.ua/jpg/1731169.jpg,Bosch HXN 390D20L,20343,Click24.in.ua
https://s.ek.ua/jpg/2377090.jpg,Ardesto FSCF-E604W,11299,АЛЛО
https://s.ek.ua/jpg/2377090.jpg,Ardesto FSCF-E604W,9809,Avic.ua
https://s.ek.ua/jpg/2377090.jpg,Ardesto FSCF-E604W,11299,Moyo.ua
https://s.ek.ua/jpg/2377090.jpg,Ardesto FSCF-E604W,11299,Sokol.ua
https://s.ek.ua/jpg/1688390.jpg,Grunhelm GGP-6002,1190,Tehno-mart.com.ua
https://s.ek.ua/jpg/389489.jpg,Hansa FCCX54100,15799,АЛЛО
https://s.ek.ua/jpg/389489.jpg,Hansa FCCX54100,14622,Avic.ua
https://s.ek.ua/jpg/389489.jpg,Hansa FCCX54100,13991,Pro100market.com.ua
https://s.ek.ua/jpg/389489.jpg,Hansa FCCX54100,14095,Foroom.com.ua
https://s.ek.ua/jpg/389489.jpg,Hansa FCCX54100,13727,Stylus.ua
https://s.ek.ua/jpg/389489.jpg,Hansa FCCX54100,13921,Vodogreyka.com.ua
https://s.ek.ua/jpg/389489.jpg,Hansa FCCX54100,13677,Цифра
https://s.ek.ua/jpg/2377090.jpg,Ardesto FSCF-E604W,9728,Pro100market.com.ua
https://s.ek.ua/jpg/2377090.jpg,Ardesto FSCF-E604W,11055,Stylus.ua
https://s.ek.ua/jpg/2377090.jpg,Ardesto FSCF-E604W,10984,Цифра
https://s.ek.ua/jpg/1703314.jpg,Hansa FCGW510009D1,9499,АЛЛО
https://s.ek.ua/jpg/1703314.jpg,Hansa FCGW510009D1,8879,Avic.ua
https://s.ek.ua/jpg/1703314.jpg,Hansa FCGW510009D1,8667,Pro100market.com.ua
https://s.ek.ua/jpg/1703314.jpg,Hansa FCGW510009D1,8624,Vodogreyka.com.ua
https://s.ek.ua/jpg/1703314.jpg,Hansa FCGW510009D1,8695,Stylus.ua
https://s.ek.ua/jpg/1703314.jpg,Hansa FCGW510009D1,8639,Цифра
https://s.ek.ua/jpg/1703314.jpg,Hansa FCGW510009D1,8499,575.in.ua
https://s.ek.ua/jpg/1547780.jpg,Xiaomi Mijia Home Induction Cooker,2999,Венкон
https://s.ek.ua/jpg/2060053.jpg,Hansa FCMW59329,14849,АЛЛО
https://s.ek.ua/jpg/2060053.jpg,Hansa FCMW59329,11744,Foroom.com.ua
https://s.ek.ua/jpg/2060053.jpg,Hansa FCMW59329,10926,Pro100market.com.ua
https://s.ek.ua/jpg/2060053.jpg,Hansa FCMW59329,12942,Цифра
https://s.ek.ua/jpg/2060053.jpg,Hansa FCMW59329,13026,Stylus.ua
https://s.ek.ua/jpg/2060053.jpg,Hansa FCMW59329,10871,Vodogreyka.com.ua
https://s.ek.ua/jpg/2060053.jpg,Hansa FCMW59329,11299,575.in.ua
https://s.ek.ua/jpg/2336231.jpg,Eisen EIP-228D,2559,Венкон
https://s.ek.ua/jpg/2336231.jpg,Eisen EIP-228D,2599,АЛЛО
https://s.ek.ua/jpg/2336231.jpg,Eisen EIP-228D,2251,Stylus.ua
https://s.ek.ua/jpg/2336231.jpg,Eisen EIP-228D,2212,Цифра
https://s.ek.ua/jpg/2336231.jpg,Eisen EIP-228D,2236,Tviy-Dim.com
https://s.ek.ua/jpg/1547780.jpg,Xiaomi Mijia Home Induction Cooker,2999,АЛЛО
https://s.ek.ua/jpg/1547780.jpg,Xiaomi Mijia Home Induction Cooker,2753,Denika.ua
https://s.ek.ua/jpg/1547780.jpg,Xiaomi Mijia Home Induction Cooker,2749,Touch
https://s.ek.ua/jpg/1547780.jpg,Xiaomi Mijia Home Induction Cooker,2754,Nkt.ua
https://s.ek.ua/jpg/1547780.jpg,Xiaomi Mijia Home Induction Cooker,3999,АЛЛО
https://s.ek.ua/jpg/1703412.jpg,Ardesto ICS-B217,3068,Венкон
https://s.ek.ua/jpg/1703412.jpg,Ardesto ICS-B217,3099,АЛЛО
https://s.ek.ua/jpg/1703412.jpg,Ardesto ICS-B217,3099,Avic.ua
https://s.ek.ua/jpg/1703412.jpg,Ardesto ICS-B217,3099,Moyo.ua
https://s.ek.ua/jpg/1703412.jpg,Ardesto ICS-B217,2733,Pro100market.com.ua
https://s.ek.ua/jpg/1703412.jpg,Ardesto ICS-B217,3099,Sokol.ua
https://s.ek.ua/jpg/2336231.jpg,Eisen EIP-228D,2559,Denika.ua
https://s.ek.ua/jpg/2336231.jpg,Eisen EIP-228D,2559,Enko.com.ua
https://s.ek.ua/jpg/1544036.jpg,Esperanza Yellowstone,799,Kvshop.com.ua
https://s.ek.ua/jpg/1544036.jpg,Esperanza Yellowstone,939,Венкон
https://s.ek.ua/jpg/1544036.jpg,Esperanza Yellowstone,999,АЛЛО
https://s.ek.ua/jpg/1544036.jpg,Esperanza Yellowstone,822,Avic.ua
https://s.ek.ua/jpg/1544036.jpg,Esperanza Yellowstone,999,Foroom.com.ua
https://s.ek.ua/jpg/1703412.jpg,Ardesto ICS-B217,3168,Palladium.ua
https://s.ek.ua/jpg/2397411.jpg,Gorenje GG 5A11 WF,12420,Pro100market.com.ua
https://s.ek.ua/jpg/2397411.jpg,Gorenje GG 5A11 WF,12358,Vodogreyka.com.ua
https://s.ek.ua/jpg/2397411.jpg,Gorenje GG 5A11 WF,11859,575.in.ua
https://s.ek.ua/jpg/2397411.jpg,Gorenje GG 5A11 WF,12999,FOXTROT.UA
https://s.ek.ua/jpg/2397411.jpg,Gorenje GG 5A11 WF,11590,Tehno-mart.com.ua
https://s.ek.ua/jpg/2397411.jpg,Gorenje GG 5A11 WF,13910,Denika.ua
https://s.ek.ua/jpg/2397411.jpg,Gorenje GG 5A11 WF,11899,BT-Shop.com.ua
https://s.ek.ua/jpg/2286555.jpg,Fiesta G 5403 SD-W,8999,Stylus.ua
https://s.ek.ua/jpg/1544036.jpg,Esperanza Yellowstone,708,Stylus.ua
https://s.ek.ua/jpg/1544036.jpg,Esperanza Yellowstone,770,Цифра
https://s.ek.ua/jpg/2388232.jpg,Grunhelm GI-2021,3668,Stylus.ua
https://s.ek.ua/jpg/2388232.jpg,Grunhelm GI-2021,3605,Цифра
https://s.ek.ua/jpg/2388232.jpg,Grunhelm GI-2021,3419,FOXTROT.UA
https://s.ek.ua/jpg/2388232.jpg,Grunhelm GI-2021,4210,Болгарка.укр
https://s.ek.ua/jpg/2388232.jpg,Grunhelm GI-2021,3241,Denika.ua
https://s.ek.ua/jpg/2388232.jpg,Grunhelm GI-2021,3339,Tviy-Dim.com
https://s.ek.ua/jpg/2388232.jpg,Grunhelm GI-2021,3419,COMFY.ua
https://s.ek.ua/jpg/2387045.jpg,Fiesta G 5403 SACDCG-BL,8999,Stylus.ua
https://s.ek.ua/jpg/2286555.jpg,Fiesta G 5403 SD-W,8881,Цифра
https://s.ek.ua/jpg/2286555.jpg,Fiesta G 5403 SD-W,8999,FOXTROT.UA
https://s.ek.ua/jpg/2286555.jpg,Fiesta G 5403 SD-W,7877,ITfree.com.ua
https://s.ek.ua/jpg/2286555.jpg,Fiesta G 5403 SD-W,8999,ШО
https://s.ek.ua/jpg/2286555.jpg,Fiesta G 5403 SD-W,8665,Prodavaka.com.ua
https://s.ek.ua/jpg/2286555.jpg,Fiesta G 5403 SD-W,8999,Tehnopostavka.com.ua
https://s.ek.ua/jpg/1277970.jpg,Beko FSM 62331 DXT,16999,АЛЛО
https://s.ek.ua/jpg/1277970.jpg,Beko FSM 62331 DXT,16686,Avic.ua
https://s.ek.ua/jpg/1277970.jpg,Beko FSM 62331 DXT,16999,Moyo.ua
https://s.ek.ua/jpg/1277970.jpg,Beko FSM 62331 DXT,15916,Palladium.ua
https://s.ek.ua/jpg/1277970.jpg,Beko FSM 62331 DXT,15687,Pro100market.com.ua
https://s.ek.ua/jpg/2387045.jpg,Fiesta G 5403 SACDCG-BL,9411,FOXTROT.UA
https://s.ek.ua/jpg/2387045.jpg,Fiesta G 5403 SACDCG-BL,8697,ITfree.com.ua
https://s.ek.ua/jpg/2387045.jpg,Fiesta G 5403 SACDCG-BL,8999,ШО
https://s.ek.ua/jpg/2387045.jpg,Fiesta G 5403 SACDCG-BL,9629,Prodavaka.com.ua
https://s.ek.ua/jpg/2387045.jpg,Fiesta G 5403 SACDCG-BL,8999,Tehnopostavka.com.ua
https://s.ek.ua/jpg/2387045.jpg,Fiesta G 5403 SACDCG-BL,8559,Enko.com.ua
https://s.ek.ua/jpg/2390262.jpg,Gorenje GECS 6C70 WC,16584,Pro100market.com.ua
https://s.ek.ua/jpg/2390262.jpg,Gorenje GECS 6C70 WC,21332,Цифра
https://s.ek.ua/jpg/2390262.jpg,Gorenje GECS 6C70 WC,16501,Vodogreyka.com.ua
https://s.ek.ua/jpg/2390262.jpg,Gorenje GECS 6C70 WC,21471,Stylus.ua
https://s.ek.ua/jpg/2390262.jpg,Gorenje GECS 6C70 WC,16199,575.in.ua
https://s.ek.ua/jpg/2390262.jpg,Gorenje GECS 6C70 WC,18999,FOXTROT.UA
https://s.ek.ua/jpg/2390262.jpg,Gorenje GECS 6C70 WC,17690,Tehno-mart.com.ua
https://s.ek.ua/jpg/1277970.jpg,Beko FSM 62331 DXT,16999,Sokol.ua
https://s.ek.ua/jpg/1277970.jpg,Beko FSM 62331 DXT,15835,Foroom.com.ua
https://s.ek.ua/jpg/1636775.jpg,Beko FSM 52120 DW,9594,Avic.ua
https://s.ek.ua/jpg/1636775.jpg,Beko FSM 52120 DW,8950,Pro100market.com.ua
https://s.ek.ua/jpg/1636775.jpg,Beko FSM 52120 DW,9523,Foroom.com.ua
https://s.ek.ua/jpg/1636775.jpg,Beko FSM 52120 DW,9419,Palladium.ua
https://s.ek.ua/jpg/1636775.jpg,Beko FSM 52120 DW,10022,Stylus.ua
https://s.ek.ua/jpg/1636775.jpg,Beko FSM 52120 DW,9958,Цифра
https://s.ek.ua/jpg/1636775.jpg,Beko FSM 52120 DW,8905,Vodogreyka.com.ua
https://s.ek.ua/jpg/2118535.jpg,Hansa FCMX58290,15449,АЛЛО
https://s.ek.ua/jpg/2118535.jpg,Hansa FCMX58290,13485,Pro100market.com.ua
https://s.ek.ua/jpg/2118535.jpg,Hansa FCMX58290,13418,Vodogreyka.com.ua
https://s.ek.ua/jpg/2118535.jpg,Hansa FCMX58290,12934,Stylus.ua
https://s.ek.ua/jpg/2118535.jpg,Hansa FCMX58290,12851,Цифра
https://s.ek.ua/jpg/2118535.jpg,Hansa FCMX58290,15449,FOXTROT.UA
https://s.ek.ua/jpg/2118535.jpg,Hansa FCMX58290,13499,575.in.ua
https://s.ek.ua/jpg/1810478.jpg,Hansa FCMS582258,15249,АЛЛО
https://s.ek.ua/jpg/1810478.jpg,Hansa FCMS582258,11486,Pro100market.com.ua
https://s.ek.ua/jpg/1810478.jpg,Hansa FCMS582258,12226,Foroom.com.ua
https://s.ek.ua/jpg/1810478.jpg,Hansa FCMS582258,12908,Цифра
https://s.ek.ua/jpg/1810478.jpg,Hansa FCMS582258,11429,Vodogreyka.com.ua
https://s.ek.ua/jpg/1810478.jpg,Hansa FCMS582258,12992,Stylus.ua
https://s.ek.ua/jpg/1810478.jpg,Hansa FCMS582258,12222,575.in.ua
https://s.ek.ua/jpg/2414126.jpg,Gorenje GG 6A10 WH,13340,Pro100market.com.ua
https://s.ek.ua/jpg/2414126.jpg,Gorenje GG 6A10 WH,13273,Vodogreyka.com.ua
https://s.ek.ua/jpg/2414126.jpg,Gorenje GG 6A10 WH,13299,575.in.ua
https://s.ek.ua/jpg/2414126.jpg,Gorenje GG 6A10 WH,14941,Denika.ua
https://s.ek.ua/jpg/2414126.jpg,Gorenje GG 6A10 WH,13259,BT-Shop.com.ua
https://s.ek.ua/jpg/2414126.jpg,Gorenje GG 6A10 WH,13999,COMFY.ua
https://s.ek.ua/jpg/2026354.jpg,Electrolux RKG 500002 W,13049,Kvshop.com.ua
https://s.ek.ua/jpg/2026354.jpg,Electrolux RKG 500002 W,13049,590.ua
https://s.ek.ua/jpg/2026354.jpg,Electrolux RKG 500002 W,12399,Tovary.net.ua
https://s.ek.ua/jpg/2026354.jpg,Electrolux RKG 500002 W,13049,АЛЛО
https://s.ek.ua/jpg/2026354.jpg,Electrolux RKG 500002 W,12092,Avic.ua
https://s.ek.ua/jpg/2026354.jpg,Electrolux RKG 500002 W,13049,Electrolux-kiev.com
https://s.ek.ua/jpg/2026354.jpg,Electrolux RKG 500002 W,13049,Moyo.ua
https://s.ek.ua/jpg/2377864.jpg,HOLMER HIP-235,969,Kvshop.com.ua
https://s.ek.ua/jpg/2377864.jpg,HOLMER HIP-235,1016,Венкон
https://s.ek.ua/jpg/2377864.jpg,HOLMER HIP-235,969,АЛЛО
https://s.ek.ua/jpg/2377864.jpg,HOLMER HIP-235,1271,Foroom.com.ua
https://s.ek.ua/jpg/2377864.jpg,HOLMER HIP-235,1090,Tehno-mart.com.ua
https://s.ek.ua/jpg/2377864.jpg,HOLMER HIP-235,969,ШО
https://s.ek.ua/jpg/2377864.jpg,HOLMER HIP-235,1049,Tehnopostavka.com.ua
https://s.ek.ua/jpg/2387974.jpg,Greta KGG 50 MN 13 W,7782,Pro100market.com.ua
https://s.ek.ua/jpg/2387974.jpg,Greta KGG 50 MN 13 W,7743,Vodogreyka.com.ua
https://s.ek.ua/jpg/2387974.jpg,Greta KGG 50 MN 13 W,8378,FOXTROT.UA
https://s.ek.ua/jpg/2387974.jpg,Greta KGG 50 MN 13 W,7437,ITfree.com.ua
https://s.ek.ua/jpg/2387974.jpg,Greta KGG 50 MN 13 W,7950,Denika.ua
https://s.ek.ua/jpg/2387974.jpg,Greta KGG 50 MN 13 W,7855,Variant-shop.com.ua
https://s.ek.ua/jpg/2387974.jpg,Greta KGG 50 MN 13 W,7781,Prodavaka.com.ua
https://s.ek.ua/jpg/2388078.jpg,Floria ZLN8472/20673,2399,Венкон
https://s.ek.ua/jpg/2388078.jpg,Floria ZLN8472/20673,1928,Stylus.ua
https://s.ek.ua/jpg/2388078.jpg,Floria ZLN8472/20673,1895,Цифра
https://s.ek.ua/jpg/2388078.jpg,Floria ZLN8472/20673,1726,Denika.ua
https://s.ek.ua/jpg/2388078.jpg,Floria ZLN8472/20673,1642,ШО
https://s.ek.ua/jpg/2388078.jpg,Floria ZLN8472/20673,1818,Tehnopostavka.com.ua
https://s.ek.ua/jpg/2388078.jpg,Floria ZLN8472/20673,1845,Tviy-Dim.com
https://s.ek.ua/jpg/1452671.jpg,Bosch HXS 59AI50Q,29799,Bs-partner.com.ua
https://s.ek.ua/jpg/1452671.jpg,Bosch HXS 59AI50Q,29799,590.ua
https://s.ek.ua/jpg/1452671.jpg,Bosch HXS 59AI50Q,29799,АЛЛО
https://s.ek.ua/jpg/1452671.jpg,Bosch HXS 59AI50Q,29470,Avic.ua
https://s.ek.ua/jpg/1452671.jpg,Bosch HXS 59AI50Q,27070,Foroom.com.ua
https://s.ek.ua/jpg/1452671.jpg,Bosch HXS 59AI50Q,27641,Stylus.ua
https://s.ek.ua/jpg/1452671.jpg,Bosch HXS 59AI50Q,27564,Цифра
https://s.ek.ua/jpg/1633675.jpg,Grunhelm GGP-6012,1199,Kvshop.com.ua
https://s.ek.ua/jpg/1633675.jpg,Grunhelm GGP-6012,1199,Венкон
https://s.ek.ua/jpg/1633675.jpg,Grunhelm GGP-6012,660,АЛЛО
https://s.ek.ua/jpg/1633675.jpg,Grunhelm GGP-6012,1007,Palladium.ua
https://s.ek.ua/jpg/1633675.jpg,Grunhelm GGP-6012,695,Stylus.ua
https://s.ek.ua/jpg/1633675.jpg,Grunhelm GGP-6012,683,Цифра
https://s.ek.ua/jpg/1633675.jpg,Grunhelm GGP-6012,660,FOXTROT.UA
https://s.ek.ua/jpg/1143063.jpg,Beko FSMT 62321 DXSS,16141,Stylus.ua
https://s.ek.ua/jpg/1143063.jpg,Beko FSMT 62321 DXSS,16052,Цифра
https://s.ek.ua/jpg/1143063.jpg,Beko FSMT 62321 DXSS,17687,Denika.ua
https://s.ek.ua/jpg/1143063.jpg,Beko FSMT 62321 DXSS,16189,Oleole.com.ua
https://s.ek.ua/jpg/1143063.jpg,Beko FSMT 62321 DXSS,17424,click24.biz
https://s.ek.ua/jpg/1143063.jpg,Beko FSMT 62321 DXSS,16509,Click24.in.ua
https://s.ek.ua/jpg/1143063.jpg,Beko FSMT 62321 DXSS,23077,Ok24.in.ua
https://s.ek.ua/jpg/1366060.jpg,Beko FSM 52332 DWDS,11999,Kvshop.com.ua
https://s.ek.ua/jpg/1366060.jpg,Beko FSM 52332 DWDS,11999,590.ua
https://s.ek.ua/jpg/1366060.jpg,Beko FSM 52332 DWDS,11987,Avic.ua
https://s.ek.ua/jpg/1366060.jpg,Beko FSM 52332 DWDS,11999,Moyo.ua
https://s.ek.ua/jpg/1366060.jpg,Beko FSM 52332 DWDS,11999,Sokol.ua
https://s.ek.ua/jpg/1366060.jpg,Beko FSM 52332 DWDS,11085,Pro100market.com.ua
https://s.ek.ua/jpg/1366060.jpg,Beko FSM 52332 DWDS,11296,Foroom.com.ua
https://s.ek.ua/jpg/2388752.jpg,Gorenje MEKIS 5101 I,22340,Stylus.ua
https://s.ek.ua/jpg/2388752.jpg,Gorenje MEKIS 5101 I,22257,Цифра
https://s.ek.ua/jpg/2388752.jpg,Gorenje MEKIS 5101 I,20299,575.in.ua
https://s.ek.ua/jpg/2388752.jpg,Gorenje MEKIS 5101 I,22382,Denika.ua
https://s.ek.ua/jpg/2388752.jpg,Gorenje MEKIS 5101 I,20529,Variant-shop.com.ua
https://s.ek.ua/jpg/2388752.jpg,Gorenje MEKIS 5101 I,20399,BT-Shop.com.ua
https://s.ek.ua/jpg/2388752.jpg,Gorenje MEKIS 5101 I,21122,Savecash.com.ua
